{"cameraMode":{"drawMode":0,"name":"Shaded","section":"Shading Mode"},"sceneLighting":true,"audioPlay":false,"sceneViewState":{"m_AlwaysRefresh":false,"showFog":false,"showSkybox":false,"showFlares":true,"showImageEffects":true,"showParticleSystems":true,"showVisualEffectGraphs":true,"m_FxEnabled":true},"in2DMode":false,"pivot":{"x":332.58197021484377,"y":108.46449279785156,"z":-133.7996368408203},"rotation":{"x":0.11088474094867706,"y":0.8479974269866943,"z":-0.47968626022338869,"w":0.19605885446071626},"size":176.12966918945313,"orthographic":false}