{"cameraMode":{"drawMode":0,"name":"Shaded","section":"Shading Mode"},"sceneLighting":false,"audioPlay":false,"sceneViewState":{"m_AlwaysRefresh":false,"showFog":false,"showSkybox":false,"showFlares":true,"showImageEffects":true,"showParticleSystems":true,"showVisualEffectGraphs":true,"m_FxEnabled":true},"in2DMode":false,"pivot":{"x":-0.02817225456237793,"y":0.7223457098007202,"z":-0.16170310974121095},"rotation":{"x":0.4958106279373169,"y":-0.25558507442474368,"z":0.15557488799095155,"w":0.8153370022773743},"size":3.020643711090088,"orthographic":false}