{"cameraMode":{"drawMode":0,"name":"Shaded","section":"Shading Mode"},"sceneLighting":false,"audioPlay":false,"sceneViewState":{"m_AlwaysRefresh":false,"showFog":false,"showSkybox":false,"showFlares":true,"showImageEffects":true,"showParticleSystems":true,"showVisualEffectGraphs":true,"m_FxEnabled":true},"in2DMode":false,"pivot":{"x":-0.0029979944229125978,"y":0.10245662927627564,"z":0.004713237285614014},"rotation":{"x":-0.3174833059310913,"y":-0.5170524716377258,"z":0.21446895599365235,"w":-0.7651030421257019},"size":1.5453912019729615,"orthographic":false}