{"cameraMode":{"drawMode":0,"name":"Shaded","section":"Shading Mode"},"sceneLighting":true,"audioPlay":false,"sceneViewState":{"m_AlwaysRefresh":false,"showFog":false,"showSkybox":false,"showFlares":true,"showImageEffects":true,"showParticleSystems":true,"showVisualEffectGraphs":true,"m_FxEnabled":true},"in2DMode":false,"pivot":{"x":0.056595802307128909,"y":0.23025056719779969,"z":20.225784301757814},"rotation":{"x":0.28763142228126528,"y":0.7104694843292236,"z":-0.422333687543869,"w":0.4839208126068115},"size":30.8439884185791,"orthographic":false}