{"cameraMode":{"drawMode":0,"name":"Shaded","section":"Shading Mode"},"sceneLighting":false,"audioPlay":false,"sceneViewState":{"m_AlwaysRefresh":false,"showFog":false,"showSkybox":false,"showFlares":true,"showImageEffects":true,"showParticleSystems":true,"showVisualEffectGraphs":true,"m_FxEnabled":true},"in2DMode":false,"pivot":{"x":377.1027526855469,"y":1507.2774658203125,"z":1177.5745849609375},"rotation":{"x":0.010390500538051129,"y":0.7320311665534973,"z":-0.011241828091442585,"w":0.6811820268630981},"size":6.091135025024414,"orthographic":false}