{"cameraMode":{"drawMode":0,"name":"Shaded","section":"Shading Mode"},"sceneLighting":false,"audioPlay":false,"sceneViewState":{"m_AlwaysRefresh":false,"showFog":true,"showSkybox":false,"showFlares":true,"showImageEffects":true,"showParticleSystems":true,"showVisualEffectGraphs":true,"m_FxEnabled":true},"in2DMode":false,"pivot":{"x":-0.001413924153894186,"y":0.0022014430724084379,"z":-0.0009209805866703391},"rotation":{"x":0.0176731888204813,"y":-0.9165562987327576,"z":0.040713388472795489,"w":0.39759260416030886},"size":0.001317320391535759,"orthographic":false}