{"cameraMode":{"drawMode":0,"name":"Shaded","section":"Shading Mode"},"sceneLighting":false,"audioPlay":false,"sceneViewState":{"m_AlwaysRefresh":false,"showFog":true,"showSkybox":false,"showFlares":true,"showImageEffects":true,"showParticleSystems":true,"showVisualEffectGraphs":true,"m_FxEnabled":true},"in2DMode":false,"pivot":{"x":0.26390761137008669,"y":-0.03405211493372917,"z":-0.8190902471542358},"rotation":{"x":-0.0012966347858309746,"y":-0.9482224583625794,"z":0.31780827045440676,"w":-0.004000335931777954},"size":1.0264900922775269,"orthographic":false}