{"cameraMode":{"drawMode":0,"name":"Shaded","section":"Shading Mode"},"sceneLighting":false,"audioPlay":false,"sceneViewState":{"m_AlwaysRefresh":false,"showFog":false,"showSkybox":false,"showFlares":true,"showImageEffects":true,"showParticleSystems":true,"showVisualEffectGraphs":true,"m_FxEnabled":true},"in2DMode":false,"pivot":{"x":369.22784423828127,"y":1505.2646484375,"z":534.735595703125},"rotation":{"x":0.1881900131702423,"y":-0.0021066328044980766,"z":0.00035098116495646536,"w":0.9821913242340088},"size":2.055114984512329,"orthographic":false}