{"cameraMode":{"drawMode":0,"name":"Shaded","section":"Shading Mode"},"sceneLighting":true,"audioPlay":false,"sceneViewState":{"m_AlwaysRefresh":false,"showFog":false,"showSkybox":false,"showFlares":true,"showImageEffects":true,"showParticleSystems":true,"showVisualEffectGraphs":true,"m_FxEnabled":true},"in2DMode":false,"pivot":{"x":173.6383819580078,"y":10.498458862304688,"z":-246.17721557617188},"rotation":{"x":0.12477777898311615,"y":-0.8745540976524353,"z":0.34707891941070559,"w":0.31450825929641726},"size":149.1571807861328,"orthographic":false}