{"cameraMode":{"drawMode":0,"name":"Shaded","section":"Shading Mode"},"sceneLighting":false,"audioPlay":false,"sceneViewState":{"m_AlwaysRefresh":false,"showFog":true,"showSkybox":false,"showFlares":true,"showImageEffects":true,"showParticleSystems":true,"showVisualEffectGraphs":true,"m_FxEnabled":true},"in2DMode":false,"pivot":{"x":0.503436803817749,"y":-1.9412328004837037,"z":1.0762354135513306},"rotation":{"x":0.015056430362164975,"y":0.8337384462356567,"z":-0.5514958500862122,"w":0.022763365879654886},"size":1.7320507764816285,"orthographic":false}