{"cameraMode":{"drawMode":0,"name":"Shaded","section":"Shading Mode"},"sceneLighting":false,"audioPlay":false,"sceneViewState":{"m_AlwaysRefresh":false,"showFog":true,"showSkybox":false,"showFlares":true,"showImageEffects":true,"showParticleSystems":true,"showVisualEffectGraphs":true,"m_FxEnabled":true},"in2DMode":false,"pivot":{"x":-0.02767801284790039,"y":0.0001857280731201172,"z":-0.04813861846923828},"rotation":{"x":0.14359571039676667,"y":-0.8031096458435059,"z":0.5370274782180786,"w":0.2147625982761383},"size":5.694005489349365,"orthographic":false}