{"cameraMode":{"drawMode":0,"name":"Shaded","section":"Shading Mode"},"sceneLighting":false,"audioPlay":false,"sceneViewState":{"m_AlwaysRefresh":false,"showFog":true,"showSkybox":false,"showFlares":true,"showImageEffects":true,"showParticleSystems":true,"showVisualEffectGraphs":true,"m_FxEnabled":true},"in2DMode":false,"pivot":{"x":-0.04603204131126404,"y":0.43384867906570437,"z":-0.056177034974098209},"rotation":{"x":0.14359571039676667,"y":-0.8031096458435059,"z":0.5370274782180786,"w":0.2147625982761383},"size":0.6331528425216675,"orthographic":false}