{"cameraMode":{"drawMode":0,"name":"Shaded","section":"Shading Mode"},"sceneLighting":false,"audioPlay":false,"sceneViewState":{"m_AlwaysRefresh":false,"showFog":false,"showSkybox":false,"showFlares":true,"showImageEffects":true,"showParticleSystems":true,"showVisualEffectGraphs":true,"m_FxEnabled":true},"in2DMode":false,"pivot":{"x":370.1742248535156,"y":1510.8670654296875,"z":1183.9451904296875},"rotation":{"x":0.33939027786254885,"y":0.5490157008171082,"z":-0.25934088230133059,"w":0.7184627056121826},"size":2.2029128074645998,"orthographic":false}