{"cameraMode":{"drawMode":0,"name":"Shaded","section":"Shading Mode"},"sceneLighting":false,"audioPlay":false,"sceneViewState":{"m_AlwaysRefresh":false,"showFog":true,"showSkybox":false,"showFlares":true,"showImageEffects":true,"showParticleSystems":true,"showVisualEffectGraphs":true,"m_FxEnabled":true},"in2DMode":false,"pivot":{"x":-0.3753626048564911,"y":-2.072129487991333,"z":1.1878308057785035},"rotation":{"x":0.012476762756705284,"y":-0.9810127019882202,"z":0.06719890981912613,"w":0.18185268342494965},"size":3.0139787197113039,"orthographic":false}