{"cameraMode":{"drawMode":0,"name":"Shaded","section":"Shading Mode"},"sceneLighting":true,"audioPlay":false,"sceneViewState":{"m_AlwaysRefresh":false,"showFog":false,"showSkybox":true,"showFlares":true,"showImageEffects":true,"showParticleSystems":true,"showVisualEffectGraphs":true,"m_FxEnabled":true},"in2DMode":false,"pivot":{"x":374.6274108886719,"y":1509.7425537109375,"z":1181.801025390625},"rotation":{"x":0.17832809686660767,"y":0.016232864931225778,"z":-0.002935123862698674,"w":0.9838465452194214},"size":3.883136034011841,"orthographic":false}