{"cameraMode":{"drawMode":0,"name":"Shaded","section":"Shading Mode"},"sceneLighting":true,"audioPlay":false,"sceneViewState":{"m_AlwaysRefresh":false,"showFog":false,"showSkybox":true,"showFlares":true,"showImageEffects":true,"showParticleSystems":true,"showVisualEffectGraphs":true,"m_FxEnabled":true},"in2DMode":false,"pivot":{"x":218.88565063476563,"y":207.4407958984375,"z":-31.948575973510743},"rotation":{"x":0.043639883399009708,"y":0.9126937389373779,"z":-0.10116282850503922,"w":0.3935541808605194},"size":114.07792663574219,"orthographic":false}