{"cameraMode":{"drawMode":0,"name":"Shaded","section":"Shading Mode"},"sceneLighting":true,"audioPlay":false,"sceneViewState":{"m_AlwaysRefresh":false,"showFog":false,"showSkybox":true,"showFlares":true,"showImageEffects":true,"showParticleSystems":true,"showVisualEffectGraphs":true,"m_FxEnabled":true},"in2DMode":false,"pivot":{"x":280.6246643066406,"y":225.1656494140625,"z":-83.69924926757813},"rotation":{"x":-0.023565907031297685,"y":0.7666317820549011,"z":-0.6408247947692871,"w":-0.030115069821476938},"size":63.857261657714847,"orthographic":false}