{"cameraMode":{"drawMode":0,"name":"Shaded","section":"Shading Mode"},"sceneLighting":false,"audioPlay":false,"sceneViewState":{"m_AlwaysRefresh":false,"showFog":false,"showSkybox":false,"showFlares":true,"showImageEffects":true,"showParticleSystems":true,"showVisualEffectGraphs":true,"m_FxEnabled":true},"in2DMode":false,"pivot":{"x":-0.01725444197654724,"y":0.5319291949272156,"z":0.05286514759063721},"rotation":{"x":-0.24559365212917329,"y":-0.7449746131896973,"z":0.5017842650413513,"w":-0.36450427770614626},"size":1.2126588821411133,"orthographic":false}