{"cameraMode":{"drawMode":0,"name":"Shaded","section":"Shading Mode"},"sceneLighting":true,"audioPlay":false,"sceneViewState":{"m_AlwaysRefresh":false,"showFog":true,"showSkybox":false,"showFlares":true,"showImageEffects":true,"showParticleSystems":true,"showVisualEffectGraphs":true,"m_FxEnabled":true},"in2DMode":false,"pivot":{"x":-0.3720977306365967,"y":-0.5826559066772461,"z":0.10826653242111206},"rotation":{"x":0.46707162261009219,"y":0.3360438048839569,"z":-0.19773295521736146,"w":0.7936956882476807},"size":1.3517388105392457,"orthographic":false}