{"cameraMode":{"drawMode":0,"name":"Shaded","section":"Shading Mode"},"sceneLighting":false,"audioPlay":false,"sceneViewState":{"m_AlwaysRefresh":false,"showFog":false,"showSkybox":false,"showFlares":true,"showImageEffects":true,"showParticleSystems":true,"showVisualEffectGraphs":true,"m_FxEnabled":true},"in2DMode":false,"pivot":{"x":0.0038880109786987306,"y":0.049794286489486697,"z":-0.0010427236557006837},"rotation":{"x":-0.24559365212917329,"y":-0.7449746131896973,"z":0.5017842650413513,"w":-0.36450427770614626},"size":0.7945423126220703,"orthographic":false}