{"cameraMode":{"drawMode":0,"name":"Shaded","section":"Shading Mode"},"sceneLighting":false,"audioPlay":false,"sceneViewState":{"m_AlwaysRefresh":false,"showFog":true,"showSkybox":false,"showFlares":true,"showImageEffects":true,"showParticleSystems":true,"showVisualEffectGraphs":true,"m_FxEnabled":true},"in2DMode":false,"pivot":{"x":0.293082594871521,"y":-1.1272796392440797,"z":0.9495357871055603},"rotation":{"x":0.15667228400707246,"y":-0.7651707530021668,"z":0.5906713604927063,"w":0.20298194885253907},"size":0.6990525126457214,"orthographic":false}