{"cameraMode":{"drawMode":0,"name":"Shaded","section":"Shading Mode"},"sceneLighting":true,"audioPlay":false,"sceneViewState":{"m_AlwaysRefresh":false,"showFog":true,"showSkybox":false,"showFlares":true,"showImageEffects":true,"showParticleSystems":true,"showVisualEffectGraphs":true,"m_FxEnabled":true},"in2DMode":false,"pivot":{"x":0.27163243293762209,"y":0.030787944793701173,"z":1.2370223999023438},"rotation":{"x":-0.3633553087711334,"y":-0.5998181104660034,"z":0.3513987064361572,"w":-0.6203606724739075},"size":3.1751770973205568,"orthographic":false}