{"cameraMode":{"drawMode":0,"name":"Shaded","section":"Shading Mode"},"sceneLighting":true,"audioPlay":false,"sceneViewState":{"m_AlwaysRefresh":false,"showFog":true,"showSkybox":false,"showFlares":true,"showImageEffects":true,"showParticleSystems":true,"showVisualEffectGraphs":true,"m_FxEnabled":true},"in2DMode":false,"pivot":{"x":0.4735746383666992,"y":0.2270069122314453,"z":0.20905238389968873},"rotation":{"x":-0.2897729277610779,"y":-0.6991269588470459,"z":0.38186976313591006,"w":-0.5306283831596375},"size":3.1751770973205568,"orthographic":false}