{"cameraMode":{"drawMode":0,"name":"Shaded","section":"Shading Mode"},"sceneLighting":false,"audioPlay":false,"sceneViewState":{"m_AlwaysRefresh":false,"showFog":false,"showSkybox":false,"showFlares":true,"showImageEffects":true,"showParticleSystems":true,"showVisualEffectGraphs":true,"m_FxEnabled":true},"in2DMode":false,"pivot":{"x":0.00008249282836914063,"y":0.4290478229522705,"z":0.12614333629608155},"rotation":{"x":-0.24559365212917329,"y":-0.7449746131896973,"z":0.5017842650413513,"w":-0.36450427770614626},"size":2.5351390838623049,"orthographic":false}